code,label,company,description
MIDA,Moody's Diva,WILL,regular part number
MIAB,Moody's Acid,WILL,Focused on Kikatan
MIFD,Moody's Fresh,WILL,new man
MIMK,Mankeets,WILL,commercial magazine original
MIRD,Moody's Real,WILL,blockbuster
MIZD,Moody's Best,WILL,Best compilation
MIDD,Moody's Diva,WILL,Regular part number (2005-2013)
MIDE,Moody's Diva,WILL,Regular part number (2013-2021)
MIDV,Moody's Diva,WILL,Regular product number (2021-2024)
MIAD,Moody's Acid,WILL,Kikatan -oriented (2005 ~ 2016)
MIAE,Moody's Acid,WILL,Kikatan -oriented (2016 ~ 2018)
MIAA,Moody's Acid,WILL,Kikatan -oriented (2019 ~ 2023)
MDRD,Moody's Real,WILL,blockbuster (former)
MIBD,Moody's Best,WILL,Best compilation (2005~2016)
MIGD,Moody's value,WILL,"Mainly hardcore, such as continuous creampie, gokkun, anal, etc."
MIAS,Moody's Ass,WILL,butt fetish
MDVR,Moody's VR,WILL,VR video
MIID,Moody'sism,WILL,variety
MINT,Netorare main store,WILL,Netorare
MIXS,Moody's Es,WILL,M men only
MDED,Moody's Killer/New/Best,WILL,"Killer Label specializes in high-quality series, famous for its Dream Woman series. New Label specializes in rookies. Best Label specialized in compendiums before being separated into MIBD."
MDID,Moody's Imperial,WILL,Early single label
MDJD,Moody's Joker,WILL,Documentary of planning actor
MDLD,Moody's Legend,WILL,famous actress solo
MDQD,Moody's Quest,WILL,Early planning label
MDPD,Moody's President,WILL,
MIQD,Cue Eye,WILL,
MIVD,Moody's Value,WILL,
MDWD,Moody's Wild,WILL,
EDGD,edge,WILL,"After that, it became independent (outsourcing company)."
LOVD,rubber soul,WILL,"After that, it became independent (outsourcing company)."
MDUD,art mode,WILL,"After that, it became independent (outsourcing company)."
MDXD,style art,WILL,"After that, it became independent and went over to the delusional group (outsourcing company)."
MDYD,Tameike Goro,WILL,"Ladies specialty. After that, it became independent (direct management company)."
WANZ,Wands,WILL,Regular article number (2012-2020)
WAAA,Wands,WILL,Regular article number (2020 ...)
BMW,Wands,WILL,Best compilation
NWF,Wands,WILL,
ONED,S1 number one style,WILL,Top Star (2004~2008)
SOE,S1 number one style,WILL,Top Star (2008~2013)
SNIS,S1 number one style,WILL,Top Star (2013~2017)
SSNI,S1 number one style,WILL,Top Star (2017~2021)
SSIS,S1 number one style,WILL,Top Star (2021~2023)
SONE,S1 number one style,WILL,Top Star (2023~)
ONSD,S1 number one style,WILL,Best Summary (2004~2016)
OFJE,S1 number one style,WILL,Best Summary (2016~)
SPS,true lira,WILL,"It starts with Luka and Lina 's exclusive part numbers. As Rukawa Rina did not become more popular than expected, the SPS-012 1st anniversary work was finally released. Since then, it has been used as an item number for actors with idol titles or popular actresses who only shoot soft films. Rookie actors recruited from other labels also appear under this product number. For example , Asuka Hoshino, who transferred from SOD ."
AND,angel,WILL,
DAN,angel,WILL,
HPD,high school pink,WILL,
IPSD,tissue,WILL,Regular part number (2006 ~ 2013)
IPTD,tissue,WILL,Regular article number (2002-2012)
IPZ,tissue,WILL,Regular article number (2012-2017)
IPX,tissue,WILL,Regular part number (2017 ~ 2022)
IPZZ,tissue,WILL,regular part number
SUPD,Supreme,WILL,Digital Channel series only
IDBD,Idea Pocket Best,WILL,Best compilation
IPIT,Idea Pocket Talent Discovery Project,WILL,
TEK,muteki,WILL,"Made famous by Yua Mikami . No new work has been released since TEK098 on February 1, 2021."
MTH,muteki,WILL,
MEX,Muteki Exchange,WILL,
VRMT,Mutecki VR,WILL,
BLK,Kirakira Black Gyaru,WILL,gyaru
SET,Kirakira street gyaru,WILL,
KIBD,Kirakira Best,WILL,Best compilation
KIFD,Kirakira Festival,WILL,
KIRD,Kirakira,WILL,
KISD,Kirakira Special,WILL,
EBOD,this body,WILL,Regular product number (old)
EBWH,this body,WILL,Regular
MKCK,this body,WILL,Best compilation
EYAN,flowering wives,WILL,married woman. Representative actress Momose Yurina .
EBVR,Ebody VR,WILL,VR only
CJOD,alveolar heaven,WILL,regular part number
CJOB,Chijo Heaven Best,WILL,Best compilation
BBI,rain,WILL,
BIB,rain,WILL,
BEB,bitch,WILL,
BID,dulux,WILL,
PGD,glamourous,WILL,Regular article number (old)
PRED,Elegance,WILL,regular part number
PBD,premium best,WILL,Best compilation
PID,image,WILL,
PJD,jewel,WILL,
PXD,Xanadue,WILL,
MMND,under,WILL,regular part number
JUC,Madonna,WILL,old part number
JUKD,Madonna,WILL,old part number
JUX,Madonna,WILL,old part number
JUY,Madonna,WILL,old part number
JUL,Madonna,WILL,old part number
JUQ,Madonna,WILL,old part number
JUR,Madonna,WILL,regular part number
JUSD,Madonna,WILL,Best compilation
OBA,obasang,WILL,Madame
OBE,obasang,WILL,Best compilation
ROE,monroe,WILL,40s high
URE,Narekomi,WILL,original cartoon
MEYD,Tameike Goro,WILL,Regular
JFB,pitch,WILL,"old part number, busty"
JUFD,pitch,WILL,"old part number, busty"
JUFE,pitch,WILL,"Regular Part Number, Busty"
FINH,Namadore main store,WILL,Amateur
NIMA,Nikuman,WILL,original cartoon
JUNY,NIKUYOKU,WILL,
KAWD,cute,WILL,"old part number. As the name of the production company suggests, mostly actresses with cute looks appear. Except for Sakura Yura , who has now retired, and Koharu Suzuki, who has transferred again, most of them are new actresses like Sakura Moko ."
CAWD,cute,WILL,"regular part number. As KAWD crossed the triple digits, it changed to CAWD."
KAPD,cute,WILL,
KWBD,cute,WILL,Best compilation
MUKD,Muku,WILL,past regular part number
MUDR,Muku,WILL,"As of 2019, this seems to have been converted to a regular part number."
MUCD,Muku,WILL,Best compilation
ADN,adult drama,WILL,drama genre
ATID,In Mad,WILL,hardcore genre
ATKD,Attackers Best,WILL,Best compilation
JBD,Jabaku (蛇縛),WILL,"A label that specializes in tight-fisted material. Originally, it was 'Attackers' that pursued SM, so it once boasted the majesty of its flagship product number, but it is fortunate that the manufacturer has awakened for some reason, and has changed the genre to mental abuse and rape rather than physical torture, so now it is released once a month. It has become a part number. It was completely pushed out by latecomers RBD and SHKD, who were the first among the company's product numbers to exceed the 1,000th, and now it has barely broken through the 200th. Still, the former majesty remains, and the quality of the work that comes out is quite good, so it is a product number that gives hope to SM maniacs."
RBD,Ryubaku,WILL,"A label that specializes in restraints. However, completely different from the original purpose, the binding scene does not appear after the 100th generation. In the past, as the name suggests, there were SM productions that surpassed JBD, but there is no such thing now."
RBK,Ryubaku,WILL,"It is a product number that was created as a successor to RBD as it appeared up to 999 times. As director Usuba Shisui, who specializes in restraints, participated in this part number, the frequency of restraints appearing increased, as befits the name."
SHKD,shark,WILL,
SSPD,super special,WILL,
DASD,It's like,WILL,old part number
DASS,It's like,WILL,regular part number
DAZD,It's like,WILL,Best compilation
PLA,platinum,WILL,softcore
OPUD,opera,WILL,SM
OPBD,opera,WILL,Best compilation
OPMD,opera,WILL,
OPRD,opera,WILL,
OPSD,opera,WILL,
PPPD,oppai,WILL,old part number
PPPE,oppai,WILL,regular part number
PPBD,oppai,WILL,Best compilation
PPSD,oppai,WILL,multiple actors
PPFD,oppai,WILL,
PPMD,oppai,WILL,
HND,Honnaka,WILL,Old regular part number
HMN,Honnaka,WILL,regular part number
HNDB,Honnaka,WILL,Best compilation
HNDS,Honnaka,WILL,blockbuster
HNJC,Jukunaka,WILL,Lady
HNKY,Nichijo,WILL,project
HNSE,heykey,WILL,Amateur
HNTV,Honnaka TV,WILL,variety
KRND,Kyosei,WILL,gangbang
DV,Alice Japan,WILL/JHV Group,old part number
DVAJ,Alice Japan,WILL/JHV Group,regular part number
PDV,alice pink,WILL/JHV Group,reprint
XC,Karen,WILL/JHV Group,old part number
XS,Samantha,WILL/JHV Group,old part number
XV,Karen,WILL/JHV Group,old part number
SRXV,Karen,WILL/JHV Group,old part number
XVSR,Karen/Samantha,WILL/JHV Group,regular part number
PXV,max pink,WILL/JHV Group,reprint
DVDES,Deep's,WILL,
DVUES,Deep's,WILL,
DVUMA,Deep's,WILL,
DVDMS,Deep's,WILL,
DDB,dogma,WILL,Directed by Bebop Minoru
DDT,dogma,WILL,regular
DDK,dogma,WILL,Directed by Normal Kim
DWD,dogma,WILL,
DDOB,dogma,WILL,
DDKM,dogma,WILL,
GTJ,dogma,WILL,"This is the company's flagship product, a tight-knit version dealing with Gold Tojiro Label's BDSM, directed by Tojiro. Because of this, there are many times when actresses with high recognition appear in a lot of videos, and it is clear that they are pushing hard enough to explain in detail about the works that are released on the website. There is a series that reproduces the punishment scenes of Japan in the past, and the straight whip, which is rarely used in other SM waters, is also used quite a bit."
ALD,Momotaro video publishing,WILL,
KED,Momotaro video publishing,WILL,
YMDD,Momotaro video publishing,WILL,
HJMO,Hajime project,WILL,regular
HJBB,Hajime project,WILL,Best
MVSD,ems video group,WILL,regular part number
MVBD,ems video group,WILL,Best compilation
MVGD,ems video group,WILL,
MVMD,mania,WILL,
HUNTC,Hunter,WILL/Triple H Group,"A specialized company specializing in the motto of ""selfish herbivorous man"". A special label that is similar to dandy and rival relationship. Only the projects continue to take pictures, so many people with certain peti are looking for. Old part number hunt, hunta, huntb"
HUBLK,Hunter Black,WILL/Triple H Group,There are many projects with high levels such as lines and rape. Old part number Hunbl
ATOM,Atom (AtoM),WILL/Triple H Group,Variety specialty. There are many projects for amateur participation or penalties through games.
AP,Apache,WILL/Triple H Group,"There are many pervert projects on trains, buses, outdoors, etc."
OYC,Yashoku Company,WILL/Triple H Group,daily project.
GAPL,Green Apple,WILL/Triple H Group,daily project.
GDHH,Golden Time,WILL/Triple H Group,project.
PKPD,Paco Paco Dan and the Merry Friends,WILL/Triple H Group,project.
ATHH,Atlantis-H,WILL/Triple H Group,project.
BOBB,Boeing BB,WILL/Delusional Group,huge breasts
BOMN,Boeing BB,WILL/Delusional Group,Best compilation
OKSN,Okasan.com,WILL/Delusional Group,Lady
OOMN,Okasan.com,WILL/Delusional Group,Best compilation
PTKS,partkin,WILL/Delusional Group,Blonde foreign beauty. She is frequently featured by 'Gina Gerson'.
PTKX,partkin,WILL/Delusional Group,Best compilation
PTDX,partkin,WILL/Delusional Group,Best compilation
JKFV,JK Five,WILL/Delusional Group,School uniform fetish. A collection of videos from the adult site jk5.jp.
ABCB,ABC Best,WILL/Delusional Group,Best compilation
ADVO,Art Video SM,WILL/Delusional Group,"The successor of 'Art Video', a maker specializing in BDSM."
URAM,Ao Oni (青鬼),WILL/Delusional Group,ghost
AKHO,Aka Hotaruika,WILL/Delusional Group,SM drama
ASIA,Asia,WILL/Delusional Group,Korean women and Korean erotic actors appear.
AMEB,AMEDIA,WILL/Delusional Group,BDSM
KBMS,Daily Ilsam Factory (1113 Gongbang),WILL/Delusional Group,Scottology
EIMA,Ekimae Two (EIKI Demon II),WILL/Delusional Group,public
EVIS,Ebisu Award,WILL/Delusional Group,fetish
DFTR,F-FACTORY,WILL/Delusional Group,fetish
EMRD,Emperor,WILL/Delusional Group,fetish
OPAN,Panty Lovers Association,WILL/Delusional Group,panty fetish
OPPW,Ofenipenny World,WILL/Delusional Group,crossdresser
MKON,Kaguya Hime Petty,WILL/Delusional Group,Subsidiary of 'Kaguya Hime'. Specializing in everyday projects.
KATU,Katsuo Products,WILL/Delusional Group,Subsidiary of 'Maguro Products'. Yukdeok specialist.
KTB,Kahanshin Tigers,WILL/Delusional Group,"Molester, bukkake, clothed sex, OL, school uniform, pantyhose"
OPIG,Gakuensa,WILL/Delusional Group,Brucella Fetish
KTKC,Kitikkus (Kitchix),WILL/Delusional Group,loli beautiful girl
KDKJ,Forbidden Fruit,WILL/Delusional Group,loli beautiful girl
YAMI,Kurayami (Japanese),WILL/Delusional Group,massage voyeur concept
KMRE,Kei Moa (慧萌昂),WILL/Delusional Group,elevator
KOIW,Koiwa Movie,WILL/Delusional Group,voyeur concept
KOSK,The lustful generation,WILL/Delusional Group,Lady
KRHK,Korehiko (彦),WILL/Delusional Group,public
GBSA,Go Go's Black,WILL/Delusional Group,"A subsidiary of 'Gogoz'. Specializes in common people, married women, punishment, and near-future concepts."
GEMR,Gold Emperor,WILL/Delusional Group,western porn
ABG,Goldberg (Gold Bag),WILL/Delusional Group,gold foil
AKNS,San Project,WILL/Delusional Group,cosplay
IRCP,colored glasses,WILL/Delusional Group,loli costume
SSKK,Research Center for the Liberation of Women's Sensibility,WILL/Delusional Group,public
SINN,Shinsekai,WILL/Delusional Group,Hamedori Drama
JPSB,JPS (JPS),WILL/Delusional Group,public
GENT,Gentleman,WILL/Delusional Group,fetish
JYS,"In fact, Yariman",WILL/Delusional Group,creampie
ANCI,Spartan,WILL/Delusional Group,blonde foreign beauty
PTSP,self-publishing,WILL/Delusional Group,"gangbang, training, toilet"
ZBES,Despair Eros,WILL/Delusional Group,runaway girl
SNTJ,Jongsilsa (綜実社),WILL/Delusional Group,public voyeur concept
TPLS,Take Factory Plus,WILL/Delusional Group,leg fetish
ONIN,Tamanegi (tamanegi),WILL/Delusional Group,mania
TIKB,Chiki Chiki Kama,WILL/Delusional Group,Hamedori
CRMN,Chiromon (痴ロモン),WILL/Delusional Group,fetish
JMTY,Teacher,WILL/Delusional Group,public
GAT,Ten (天),WILL/Delusional Group,body part fetish
DIVAS,DIVA,WILL/Delusional Group,"blonde, black, asian foreign beauty"
TSBG,Voyeur Bijou (盗撮B),WILL/Delusional Group,voyeur concept
DOSK,Doskebe,WILL/Delusional Group,bitch
TWOE,2.8 dimensions (2.8 dimensional),WILL/Delusional Group,cosplay
NTSU,Nuretsuba,WILL/Delusional Group,bitch
HIKR,High collar,WILL/Delusional Group,american overseas beauty
BSTA,Bad Stars,WILL/Delusional Group,public
BDA,Bermuda,WILL/Delusional Group,"Rape fetish, female investigator"
PZO,Pazzo Fetch,WILL/Delusional Group,fetish
AYS,Panjimi,WILL/Delusional Group,underwear fetish
DPJT,P-PROJECT,WILL/Delusional Group,voyeur concept
ATFB,Fetish Box,WILL/Delusional Group,professional prostitute.
BLOR,broccoli,WILL/Delusional Group,sex in public
VOND,Bond (VOND),WILL/Delusional Group,Hamedori by Tetsuya Shido
BONU,group of anguish,WILL/Delusional Group,bitch
BOMC,Bonbon Cherry,WILL/Delusional Group,Public Big Tits
PCHA,Pochapuri (Pochapuri),WILL/Delusional Group,Yukdeok
SOAV,My Wife,WILL/Delusional Group,married woman affair
MAGG,Martha Go Go!,WILL/Delusional Group,massage
MANN,Mangetsu,WILL/Delusional Group,public
MSTT,Mysteria,WILL/Delusional Group,suspense drama
MEBX,Mega Box (MEGA BOX),WILL/Delusional Group,public project
YSSD,Yarikuru Skevena Sepretachi DX,WILL/Delusional Group,Hamedori
YOGU,Yogoku Lite (幼獄LiTE),WILL/Delusional Group,"Lori Incest, Rape"
COSU,Ramakos,WILL/Delusional Group,A subsidiary of 'Rama'. Brucera specialty.
LESS,Real Vision,WILL/Delusional Group,lesbian
RPIN,Lycopene (lycopene),WILL/Delusional Group,public
DOMS,Yeyang Studio EX,WILL/Delusional Group,tension
LBOY,Lady Boy,WILL/Delusional Group,shemale
JAMC,jam,WILL/Delusional Group,"Fetishes such as masturbation, scatology, and grotesque"
PPBB,Painblood,WILL/Delusional Group,Ra
MRAL,moral,WILL/Delusional Group,social work
EMEN,Enjuku (艶熟),WILL/Emmanuel Group,old lady
EMBW,Kasumi Planning,WILL/Emmanuel Group,elderly lady
KITU,Kitsutsuki,WILL/Emmanuel Group,Lady
KSBJ,KSB Project (KSB企画),WILL/Emmanuel Group,Lady
EMGB,Gekkabijin (beauty under the moon),WILL/Emmanuel Group,public lady
EMBZ,Jukujo-juku,WILL/Emmanuel Group,Lady
EMAD,Jukudora,WILL/Emmanuel Group,"Ladies in their 40's, 50's and 60's"
JKNK,Jukunojo (熟の蔵),WILL/Emmanuel Group,ladies fetish
ZUM,ZUMA,WILL/Emmanuel Group,glamor.voluptuous.busty lady
SOAV,Married Women's Support Association,WILL/Emmanuel Group,Married Woman Infidelity Documentary
HBNK,Married Woman Cultural Center,WILL/Emmanuel Group,Married Woman Sleeping
BIJN,Bijin Majo,WILL/Emmanuel Group,slut lady
EMAF,Formation,WILL/Emmanuel Group,Lady
EMAZ,Fujinsha (Women's Company),WILL/Emmanuel Group,"Fetishes for women in their 50's, 60's and 70's"
FLOW,old man,WILL/Emmanuel Group,old lady
MRSS,Mises no Sugao,WILL/Emmanuel Group,Lady
EMTS,Mitsuzo Sake (密造酒),WILL/Emmanuel Group,ladies documentary
SIBA,Ranbukan,WILL/Emmanuel Group,A maker specializing in mature woman SM of Mr. Gin Randa Mai.
EMBX,Lady Baba (LADY BABA),WILL/Emmanuel Group,Lady
TBKD,big hole,WILL/Emmanuel Group,amateur ladies
AQSH,Aqua Mall,WILL/Emmanuel Group,Lady
ATMD,art mode,WILL,Public documentary. The hunting series by Wataru Ishibashi is famous.
HD,SOD Create,SOD,eighteen. 18 years old concept. 2006. 11 ~ 2008. 1.
SDAB,SOD Create,SOD,Youth Generation 2015. 12 ~ 2025. 1 / ば え#18. 18 -year -old concept. 2024. 12 ~
SHYN,SOD Create,SOD,SOD Women's Temple (SOD 女子) (former) 2015. 6 ~ 2018.11
SDJS,SOD Create,SOD,SOD female employee (SOD 女子社員) (new) 2018.12 ~
SDSI,SOD Create,SOD,Non -woven AV actress (職 職 av 女 優) 2015. 6 ~
SCDA,SOD Create,SOD,Audition Award
SCDE,SOD Create,SOD,Presence
SDDL,SOD Create,SOD,Best
SDDM,SOD Create,SOD,Project (former)
SDMS,SOD Create,SOD,project (former)
SDMT,SOD Create,SOD,project (former)
SDMU,SOD Create,SOD,"project (former), actor work (current)"
SDMM,SOD Create,SOD,Magic Mirror
SDNM,SOD Create,SOD,AV Experience Series for Real Married Women Without Knowing Their Husband
MASD,SOD Create,SOD,
SACE,SOD Create,SOD,
STAR,SOD Create,SOD,SOD debut actor work (old) ~ 2018.9
START,SOD Create,SOD,SOD debut actor work (God) 2024.1 ~
KIRE,SOD Create,SOD,SOD Lady Specialist
SDDE,SOD Create,SOD,"The part number of Senz, a subsidiary of the project"
SILK,Silk Labo,SOD,
NIC,Natural High,SOD,"NHDT, NHDTA, NHDTB, NHDTC (Current)"
HAWA,Cosmos video,SOD,
BKSP,I Energy,SOD,
IDOL,I Energy,SOD,
IENE,I Energy,SOD,
IEQP,I Energy,SOD,
IESM,I Energy,SOD,
IESP,I Energy,SOD,
FSET,Akinori (AKNR),SOD,
SW,SWITCH,SOD,
SVOMN,Sadistic Village,SOD,Focused on feature-length films compiled from existing SVDVD works.
RCT,"ROCKET ""Rocket (AV maker)"")",SOD,
RCTD,"ROCKET ""Rocket (AV maker)"")",SOD,
MIST,Mr. Michiru,SOD,
PIYO,chick girl (hiyoko-av),SOD,
FADSS,FALENO,SOD,
FSVSS,FALENO,SOD,
VR,FALENO,SOD,
BSD,Brain Shock,Prestige,A label that existed from November 2002 to March 2013.
KSD,Secret communication,Prestige,Part numbers that existed from November 2002 to June 2004.
NKSD,Secret communication,Prestige,"The successor to KSD, which existed from July 2004 to June 2005."
IKD,Akasakaura Radical Gang,Prestige,The label existed from December 2002 to May 2004.
HND,Zanzibar,Prestige,A label that existed from February 2003 to October 2013.
EDD,Tamashiya (Damashiya),Prestige,"Part numbers that existed from May 2003 to May 2013. The series is about super amateur women who escort (エスカレートするドしろーと娘). As the first gateway through which new actors pass through Prestige, there are many pure love stories in which a woman takes the lead and goes on a date. In particular, Sakuya Yua 's EDD-202 was so well received in Korea that it was called a legendary product number, so much so that an article about it being made a pilgrimage was published."
ESK,Tamashiya (Damashiya),Prestige,"The successor to EDD, which has been on sale from June 2013 to the present of 2020."
MMY,Marumeya (Marumeya),Prestige,A label that existed from August 2010 to August 2011.
BRD,Breeding Club,Prestige,A label that existed from July 2003 to June 2005.
DMD,Devil master,Prestige,A label that existed from October 2003 to February 2004.
MCD,Mescaline (Mescaline),Prestige,A label that existed from October 2003 to July 2005.
CTD,Harajuku Doru,Prestige,A label that existed from November 2003 to September 2008.
PPD,Peeping Pro (PEEPINIG PRO.),Prestige,A label that existed from November 2003 to May 2005.
ATD,ANGEL TALK,Prestige,A label that existed from February 2004 to April 2006.
NFD,SUCK PLEASURE,Prestige,A label that was only released in May 2004.
LLD,Lovers Lock (LOVERs LOCK),Prestige,A label that existed from June 2004 to October 2004.
MBD,Yotokiya (night shop),Prestige,Part numbers that existed from June 2004 to September 2012.
YOD,Yotokiya (night shop),Prestige,"The successor to MBD, which existed from August 2012 to December 2012."
HLD,HOT LIPS,Prestige,A label that was only released in August 2004.
FRD,Flower Dive,Prestige,A label that existed from October 2004 to September 2005.
KKD,Kikudo (菊道),Prestige,A label that existed from October 2004 to July 2005.
AND,And (&AND),Prestige,A label that existed from November 2004 to August 2005.
EXD,Extra (EXTRA),Prestige,"A label dedicated to the compilation, released only in December 2004."
RUD,Rumble,Prestige,The label existed from December 2004 to February 2005.
QTD,Quiet,Prestige,A label that existed from February 2005 to July 2005.
SID,Silence,Prestige,A label that was only released in March 2005.
UAD,Our Angel (URI・ENJERU),Prestige,A label that existed from April 2005 to December 2008.
END,End (END),Prestige,A label that was only released in May 2005.
GLD,GLOW,Prestige,A label that existed from May 2005 to August 2005.
GYD,GUILTY,Prestige,A label that existed from May 2005 to July 2009.
MXD,MIX LOVE JUICE,Prestige,"A label dedicated to the compilation, which existed from May 2005 to November 2005."
ABD,secret rendezvous planning,Prestige,A label that existed from June 2005 to October 2005.
SMD,refreshing (爽),Prestige,A label that was only released in June 2005.
ESD,Executive Sports (EXECUTIVE SPORTS.),Prestige,A label that was only released in August 2005.
HHD,Casablanca (Casablanca),Prestige,A label that existed from August 2005 to November 2005.
JKD,Joker,Prestige,A label that existed from August 2005 to September 2005.
KZD,Hatsumatsuri (First Festival),Prestige,A label that existed from August 2005 to October 2006.
MAN,Manhattan,Prestige,A label that existed from August 2005 to July 2010. Directed by Manhattan Kimura.
FIS,FisherMans,Prestige,"The follow-up label to MAN, which existed from August 2010 to May 2013."
TUS,angler (fisher),Prestige,"A follow-up label to FIS, which has been on the market from June 2013 to the present in 2018."
TRD,Tokyo style,Prestige,A label that existed from August 2005 to September 2009.
TSD,Tokyo Sapo,Prestige,A label that existed from October 2005 to 2007.
EZD,erogenus zone,Prestige,A label that existed from November 2005 to August 2010.
EVO,EVOLUTION,Prestige,A label that existed from June 2007 to August 2010.
JCN,Class JD,Prestige,"The follow-up label to EVO, which existed from August 2010 to May 2011."
MEK,Mae Kabu (Mae Kabu),Prestige,"The follow-up label to EVO, which existed from August 2010 to May 2011."
JOB,Job (JOB),Prestige,"The follow-up label to MEK, which existed from June 2011 to May 2013."
JBS,Jobs (JOBs),Prestige,"A follow-up label to JOB, which existed from June 2013 to March 2016."
YRZ,Yoroju Project,Prestige,"The follow-up label to EZD, which existed from September 2010 to January 2016."
YRH,Yoroju main store,Prestige,"A follow-up label to the YRZ, which has been on the market from June 2010 to the present in 2018."
DLD,DOLLDOLL,Prestige,"The successor label to EZD, which existed from July 2010 to June 2011."
WPC,WPC (WPC),Prestige,"The successor label to EZD, which existed from May 2011 to April 2013."
WAT,NEW WATER POLE,Prestige,"The successor label to WPC, which existed from June 2013 to June 2016."
RTD,Return,Prestige,A label that existed from December 2005 to February 2006.
PBD,Platina BLACK,Prestige,A label that existed from April 2006 to April 2007.
WWD,White Wife,Prestige,A label that was only released in April 2006.
ZOD,ZOO,Prestige,A label that existed from May 2006 to August 2006.
PRE,Prestige (PRESTIGE),Prestige,"A label dedicated to the compilation, which existed from June 2006 to October 2009."
REC,level (LEVEL),Prestige,A label that existed from July 2006 to August 2010.
NRE,New REC,Prestige,"The follow-up label to REC, which existed from January 2011 to October 2011."
EYE,RED EYE,Prestige,A label that existed from November 2006 to January 2008.
KBH,Raijin (Cloud God),Prestige,A label that existed from March 2007 to December 2008.
RJN,Raijin 2 (雷神Ⅱ),Prestige,A label that existed from June 2007 to July 2010.
VRD,Virgin Rose,Prestige,Label released only in April 2007.
WIL,Wild cherry (WILD CHERRY),Prestige,A label that existed from April 2007 to December 2009.
DAY,Daisy (DAISY),Prestige,A label with a Lori concept that existed from May 2007 to August 2008.
JKS,JK (JK),Prestige,A label that existed from June 2007 to July 2008.
DXD,Deluxe (Deluxe),Prestige,"EDD's compilation label, released only in August 2007."
CHI,Papillon (papiyo),Prestige,A label that existed from September 2007 to May 2008.
EGG,Egg,Prestige,A label that existed from November 2007 to October 2008.
ISM,Manhattanism (Manhattanism),Prestige,A label that existed from November 2007 to June 2008.
ZER,zero,Prestige,A label that existed from November 2007 to November 2009.
NEW,New,Prestige,A label that existed from January 2008 to March 2008.
TPL,Tokyo Rose (Tokyo rose),Prestige,A label that existed from January 2008 to February 2008.
XND,XANADU,Prestige,"Part numbers that existed from March 2008 to December 2009. Because it is a genre that pursues an American style, black men sometimes appear."
ESB,ensemble,Prestige,A label that existed from June 2008 to March 2009.
BLO,BLOOM,Prestige,A label that existed from July 2008 to August 2010.
TDT,The documentary (ザ・document),Prestige,"The follow-up label to BLO, which existed from July 2010 to May 2011."
DOM,Tokuma mushi,Prestige,A label that existed from October 2008 to May 2013.  Rui Saotome 's DOM-001 is famous.
AKA,Akamamushi,Prestige,"The follow-up label to DOM, which has been on the market from June 2013 to the present in 2018."
INU,Inu (INU),Prestige,"The successor label to the DOM, which existed from September 2010 to May 2013."
BRA,BARATIE,Prestige,"The successor label to INU, which existed from June 2013 to August 2014."
SVV,Survivor (SURVIVOR),Prestige,A label that existed from December 2008 to August 2010.
GTO,Academy Heaven,Prestige,A label that existed from January 2009 to March 2009.
SHS,Amateur dispatch specialist (素人派遣専門。,Prestige,A label that existed from April 2009 to July 2010.
MAS,Masu (masu.),Prestige,"The successor label to SHS, which existed from August 2010 to May 2013."
CHN,bogie,Prestige,"A follow-up label to MAS, released from June 2013 to present in 2018."
DKS,deep kiss,Prestige,
HYK,Hayakei (百景),Prestige,A label that existed from May 2009 to August 2010.
CBK,Seven Dances,Prestige,A label that existed from July 2009 to August 2009.
EGT,EGOISTE,Prestige,A label that existed from July 2009 to June 2010.
HON,Honey (HONEY),Prestige,A label that existed from October 2009 to July 2010.
WHY,Otsuka Rock,Prestige,A label that existed from November 2009 to July 2010.
ABS,ABSOLUTE,Prestige,"Existed from August 2010 to May 2013 , label for exclusive use."
ABP,ABSOLUTELY PERFECT,Prestige,"Existed from June 2013 to August 2020 , the successor label to ABS."
ABW,ABSOLUTELY WONDERFUL,Prestige,"Existed from August 2020 to June 2023 , subsequent labeling of ABP."
ABF,ABSOLUTELY FANTASIA,Prestige,"ABW's successor label, released from July 2023."
SAD,Sell ​​Doru,Prestige,A cell video limited sale label that existed from July 2010 to November 2012.
SPC,Special,Prestige,Part numbers that existed from February 2011 to May 2011.
SPP,Special,Prestige,A summary of the SPC editions that existed from April 2013 to May 2013.
BST,Best,Prestige,"A label dedicated to the compilation, which existed from February 2011 to May 2013."
TRE,treasure,Prestige,"A follow-up label to BST, released from June 2013 to present in 2018. Compilation only."
PPB,PRESTIGE PREMIUM BEST,Prestige,"A label dedicated to the compilation, which existed from February 2011 to May 2013."
PPT,PRESTIGE PREMIUM TREASURE,Prestige,"A follow-up label to PPB, released from June 2013 to present in 2018. Compilation only."
PPC,PRESTIGE PREMIUM COLLECTION,Prestige,"A label dedicated to the compilation, which was only released in June 2011."
CHS,local specialty,Prestige,A professional hunting label that existed from June 2011 to May 2013.
CRS,Amateur former department (素人専科),Prestige,"The successor label to CHS, which existed from June 2013 to July 2017."
TOR,Predator,Prestige,A label that existed from May 2012 to May 2013.
SOR,Predator 2nd Form (PREDATOR（第二形態）),Prestige,"The successor label to TOR, which existed from June 2013 to November 2015."
SZR,SIZURU,Prestige,A label that existed from September 2012 to April 2013.
RUS,Rush (RUSH),Prestige,A label that existed from December 2012 to April 2013.
LLO,Tiny Girls.,Prestige,A label that was only released in April 2013.
LLR,LITTLE GIRL,Prestige,"The follow-up label to LLO, which existed from June 2013 to July 2017."
BGN,beginning,Prestige,A newcomer-only label that has been on the market from May 2013 to the present in 2018.
SGA,Setsugekka (snow moon flower),Prestige,A newcomer-only label that has been on the market from December 2013 to the present in 2018.
RAW,Raw (RAW),Prestige,A rookie-only label that existed from February 2014 to February 2017. It mainly comes out with the concept of the sports department.
DIC,discover,Prestige,A newcomer-only label that has been on the market from July 2014 to the present in 2018.
LNP,LNP (LNP),Prestige,A label that existed from July 2014 to April 2015.
AFS,After-sales service (after service),Prestige,Labels released from October 2013 to present in 2018.
BUY,BUY,Prestige,A label that existed from December 2013 to October 2014.
NOF,Nonfiction,Prestige,A label that existed from November 2013 to January 2016.
GGG,Gold Red Project,Prestige,A label that existed from December 2013 to December 2014.
ABY,Aburaya,Prestige,Married Woman Adultery Hot Spring (人妻不倫温泉). A label that existed from April 2011 to November 2012. Travel + ladies concept.
DEL,Delivery Soap,Prestige,A label that existed from October 2011 to November 2012.
KYK,Kyōgado,Prestige,A label that existed from September 2010 to March 2011.
HAZ,Hazukashi (Hazukashi),Prestige,A label that existed from March 2011 to November 2011. Filmed in a hotel room.
IPN,Yipin,Prestige,A label that existed from April 2011 to May 2012.
MDC,Madam Celebrity(マダムセレブ),Prestige,A label that existed from June 2011 to November 2011.
MTA,Momitai,Prestige,A label that existed from July 2011 to January 2012.
HID,Hitozuma,Prestige,A label that existed from April 2005 to October 2005.
HKI,Misty,Prestige,A label that existed from January 2006 to December 2006.
BAN,BANQUISH,Prestige,A label that existed from August 2006 to October 2010.
YOK,ABALONE,Prestige,A label that existed from October 2006 to January 2010. There is a 『Yokohama Feminista』 series (2006.10~2007.06).
SBN,SUPER BANQUISH,Prestige,A compilation label of BAN that existed from November 2007 to July 2010.
AVG,Avantgarde,Prestige,A label that existed from January 2007 to February 2009.
AVN,Pineapple (PIPELINE),Prestige,A label that existed from October 2008 to May 2009.
KMY,electric jellyfish,Prestige,A label that was only released in March 2010.
CBX,Linda,Prestige,A label that existed from October 2010 to February 2011.
HAD,Hameya (めや),Prestige,A label that existed from June 2005 to March 2007.
OSC,Osaka Cast (OSAKA CAST),Prestige,A label that existed from January 2007 to March 2007.
SLK,SPSTAR,Prestige,Part numbers that existed from April 2007 to September 2009.
SLR,SPSTAR,Prestige,Part numbers that existed from April 2007 to May 2008.
NKM,SPSTAR,Prestige,Part numbers that existed from August 2007 to November 2007.
HDKB,LEON,Prestige,A label that existed from March 2008 to July 2008.
OSM,Impact,Prestige,A label that existed from August 2008 to September 2008.
TNIN,Tsuma Style (妻Style),Prestige,A label that existed from September 2008 to July 2009.
JLH,JKL (JKL),Prestige,A label that existed from October 2008 to November 2008.
SKH,people of the world,Prestige,A label that existed from June 2005 to March 2006.
SNP,people of the world,Prestige,"The compilation label of SKH, which existed from June 2007 to October 2007."
WOD,Worker,Prestige,A label that existed from July 2005 to November 2005.
GSD,TA Plus D (TA+D),Prestige,A label that existed from January 2006 to March 2006.
HM,TIGER DIRECTION,Prestige,A label that existed from December 2006 to April 2007.
MLF,Madlow,Prestige,A label that existed from June 2005 to January 2006.
MLK,Madlow,Prestige,A label that was only released in July 2005.
BLMS,BLACK ROOM,Prestige,Part numbers that existed from August 2005 to July 2006.
BLMH,BLACK ROOM,Prestige,Part numbers that existed from November 2005 to June 2006.
SSYU,Strawberry Stream (Strawberry Stream),Prestige,A label that was only released in December 2005.
SNB,Estate (eState),Prestige,A label that existed from October 2006 to November 2006.
PE,Pink egg,Prestige,A label that existed from November 2005 to April 2006.
BEX,POURQUOI?,Prestige,A label that existed from November 2006 to March 2007.
NAP,One shot collection,Prestige,Part numbers that existed from December 2006 to February 2008.
NAPX,One shot collection,Prestige,"Compilation of NAP, which existed from March 2008 to December 2008."
HARM,One shot harem,Prestige,A label that existed from May 2008 to June 2008.
GTA,GT (GT),Prestige,A label that existed from April 2007 to November 2007.
JCK,Jack,Prestige,A label that existed from April 2007 to October 2007.
NOZK,Nozikiya main store,Prestige,A label that existed from April 2008 to December 2008.
NOZS,Nozikiya main store,Prestige,"A compilation label of NOZK, released only in December 2008."
OTSI,Otoshiya main store,Prestige,A label that existed from July 2008 to November 2008.
CAST,Asia (ASIA),Prestige,Part numbers that existed from June 2006 to May 2007.
CASP,Asia (ASIA),Prestige,"A summary of CAST, which existed from September 2007 to October 2007."
CHUB,Jersey,Prestige,Part numbers that existed from October 2006 to August 2007.
CHSP,Jersey,Prestige,Part number that was released only in October 2007.
CBR,FULL SAIL,Prestige,"A label that existed from June 2006 to July 2008. There is a series (2006.06 ~ 2008.07), 『Wari no Ii bito を じじめた娘)』."
FZR,FULL SAIL,Prestige,A label that existed from July 2006 to September 2006.
FUL,FULL SAIL,Prestige,"A label dedicated to the compilation, which existed from December 2009 to September 2013."
GSX,ACCEL,Prestige,A label that existed from September 2006 to June 2010. There is a 『Tokyo 25 Hours』 series (2007.04 ~ 2012.10).
NJG,25 o'clock (25 o'clock),Prestige,"The successor label to GSX, which existed from March 2011 to April 2012. Continued the 『Tokyo 25 City』 series."
TKY,Tokyo,Prestige,"Subsequent label to NJG, which existed from May 2012 to October 2012. Continued the 『Tokyo 25 City』 series."
GPZ,RedZone,Prestige,A label that existed from September 2006 to March 2007.
ZZR,FULL THROTTLE,Prestige,A label that existed from October 2006 to April 2010.
XJR,Highway Star,Prestige,A label that existed from November 2006 to March 2007.
YZF,Inline Four (INLINE4),Prestige,"A follow-up label to KZD (Prestige), which existed from May 2007 to February 2010. The 『First Filming Bible』 series (2008.01~2008.06) was revived."
NSR,Saisoku (最速),Prestige,A label that existed from November 2007 to September 2010. There is a 『Miss Campus Communication (Miskanpastongxin)』 series (2008.07~2010.09).
FST,F-Style (F-STYLE),Prestige,"A label that existed from October 2010 to April 2012. There is a series (2010.12 ~ 2011.05) of 『Active Miss Campus Communication(現役ミスカンパス通信)』 series (2010.12~2011.05), which is a follow-up to 『Miss Campus Communication』. There are also 『Metropolitan Einkyo(首都圏淫交)』 series (October 2010~November 2011) and 『Go to your morning erection』 series (October 2010~September 2012)."
OLS,woman,Prestige,A label that existed from August 2008 to September 2010. There is a 『MANNISH』 series (2009.02 ~ 2010.09).
KPK,Investigation of cheating,Prestige,"A compilation label of OLS, which existed from July 2014 to August 2014."
CHL,Trip,Prestige,A label that existed from November 2008 to April 2009.
SRG,natural,Prestige,A label that existed from May 2009 to September 2010. There is a 『Street Snap』 series (2009.05 ~ 2010.09).
TYM,Sanbo (sanpo),Prestige,"The follow-up label to SRG, which existed from May 2013 to July 2013. There is the 『Street Snap +』 series (2013.05~2013.07)."
STS,Snap (Snap),Prestige,"The follow-up label to TYM, which was only released in July 2013. Released the 『Street Snap Plus』 series."
PUR,Pure,Prestige,A label that existed from February 2010 to September 2010.
OJS,treasure,Prestige,Part numbers that existed from March 2010 to July 2010.
MPC,Master piece (MASTER PIECE),Prestige,A label that existed from April 2010 to September 2010.
TNP,Dampopo (Tanpopo),Prestige,A label that existed from April 2010 to May 2010.
RET,REAL TIME,Prestige,A label that existed from May 2010 to September 2010.
HTY,Hatakeyama (HATAKEYAMA),Prestige,A label that existed from June 2010 to September 2010.
ABC,RECOMMEND,Prestige,"HTY's compilation label, released only in September 2013."
FOL,F-ORIGINAL,Prestige,A label that existed from October 2010 to February 2011.
DTI,GINGIN,Prestige,"The follow-up label to FST, which existed from June 2012 to September 2012. I followed the series 『Go to your morning erection』."
IBS,Ibushikin,Prestige,A label that existed from February 2011 to September 2011.
SRK,46 o'clock,Prestige,A label that existed from February 2011 to April 2011.
TKJ,Contributing Woman,Prestige,A label that existed from March 2011 to May 2011.
HJO,heat,Prestige,A label that existed from May 2011 to January 2011.
DAT,DATE (DATE),Prestige,A label that existed from June 2011 to January 2012.
ROY,Royal (ROYAL),Prestige,A label that existed from October 2011 to December 2011.
OMG,Oh my god (Oh my goth),Prestige,A label that existed from November 2011 to April 2012.
KYU,vacation,Prestige,A label that was only released in May 2012.
THR,3 people (3 people),Prestige,A label that was only released in August 2012.
KRE,Kirei (綺麗),Prestige,A label that existed from September 2012 to July 2013. There is a series (2012.09 ~ 2013.08) entitled 『I am curious about the lady I met on the street (街で見かける気になる娘)』.
MKK,Kawaii,Prestige,"The follow-up label to KRE, which was only released in August 2013. I am curious about the girl I met on the street."
SAI,talented woman,Prestige,A label that existed from October 2012 to January 2013.
WAP,Wonpi (Wanpi),Prestige,A label that existed from May 2013 to July 2013.
SFK,school uniform girl,Prestige,A label that existed from June 2013 to August 2013.
SPA,pretty girl,Prestige,"A label dedicated to the compilation, which existed from July 2013 to February 2014."
UMI,Cheongcho (清楚),Prestige,A label that was only released in August 2013.
GTN,Gaten,Prestige,A label that was only released in October 2013.
APO,interview,Prestige,A label that existed from November 2013 to March 2014.
NNP,Wreck (Nampa),Prestige,A label that existed from November 2013 to March 2015.
NIC,Nico (Nicola),Prestige,A label that existed from December 2013 to March 2014.
NMI,drinking (drinking),Prestige,A label that existed from January 2014 to December 2015.
OIL,oil (oil),Prestige,A label that was only released in January 2014.
NTG,resentment,Prestige,A label that was only released in February 2014.
CMO,A woman with a child,Prestige,A label that was only released in April 2014.
JTW,two women,Prestige,A label that was only released in May 2014.
ZRI,Sensuri,Prestige,A label that was only released in May 2014.
HIK,Hikikomori,Prestige,A label that was only released in June 2014.
CMI,Tsurekomi (連れ込み),Prestige,Labels released from August 2014 to present in 2018.
NCN,Ninkatsu (妊活),Prestige,A label that was only released in August 2014.
APM,morning afternoon (午前午後),Prestige,A label that existed from September 2014 to October 2014.
PVR,Sex wall orientation,Prestige,A label that was only released in April 2015.
RMO,Hiramoto Gumi,Prestige,A label that existed from April 2015 to July 2015.
OJK,JK (JK),Prestige,Part numbers that existed from February 2016 to May 2016.
MCT,truth,Prestige,Labels released from March 2016 to present in 2018.
GES,Uragesu (裏ゲス),Prestige,Labels released from September 2016 to present in 2018.
VIVI,Himehana Original,Prestige,A label that existed from July 2006 to March 2007.
NAMI,Nami,Prestige,A label that existed from August 2006 to March 2007.
RUNA,RUNATIC LOVE,Prestige,A label that existed from April 2007 to November 2007.
BIAN,BIANKA,Prestige,A label that existed from April 2007 to January 2008.
CACA,Cacao,Prestige,A label that existed from May 2007 to November 2007.
HYS,HYS (HYS),Prestige,A label that existed from May 2007 to December 2007.
KOBA,KOBA,Prestige,A label that existed from July 2007 to October 2007.
HSP,HSP (HSP),Prestige,"A label dedicated to the compilation, which existed from March 2008 to July 2009."
ONEM,ONE MORE,Prestige,"A label that existed from November 2008 to August 2010. There are 『Renya (恋【ren-ya}夜)』 series (2009.02~2010.08), 『Twenty Four Seven (24/7)』 series (2009.07~2010.08), and 『Graduation』 series (2010.04~2010.07). ."
ONCE,ONCE,Prestige,"The follow-up label to ONEM, which existed from September 2010 to June 2013. There is a series (October 2010 to April 2011) of 『OKuBo発 Idol Story』 related to the girl group OKB24. 『Renya Premium (恋【ren-ya}夜。Premium)』 series (2010.09~2013.06) and 『Twenty Four Seven Alpha (24/SEVENα)』 series (2010.09~2013.02), 『Graduation 2 (卒業II)』 series ( 2010.10~2013.03), 『Kono Onna、最上級。』 series (2011.12~2013.06), 『PINK BUTTERFLY』 series (2010.09~2013.05)."
ONEZ,ONEZ,Prestige,"A follow-up label to ONCE, which was released from July 2013 to June 2023. 『Renya For You』 series (2013.08~2015.01), 『Twenty Four Seven Beta (24/7β)』 series (2014.05 ~ 2014.06), 『Graduation 3 (卒業III)』 series (2013.07 ~ 2014.03), There is a series (2013.09 ~ 2015.05), 『This Woman's Superlative Deluxe (Kono Onna、最上級。Deluxe)』."
ONEX,ONEX,Prestige,A follow-up label to ONEZ that has been released from July 2023 to present.
FWP,Flyway,Prestige,A label that existed from August 2009 to March 2010.
ONER,research,Prestige,A label that existed from December 2015 to September 2017.
ONET,TODOManic,Prestige,A label that existed from January 2016 to September 2017. Directed by TODO.
ONEB,ONE BEST,Prestige,A label dedicated to the compilation that existed from September 2016 to July 2017.
OND,Onimaru,Prestige,A label that existed from August 2006 to February 2007.
FND,Onimaru,Prestige,A label that existed from February 2007 to December 2007.
ONK,Onimaru,Prestige,A label that existed from March 2007 to April 2007.
BND,Onimaru,Prestige,A label that existed from May 2007 to November 2007.
CND,Onimaru,Prestige,A label that was only released in August 2007.
DND,Onimaru,Prestige,A label that was only released in September 2007.
EMP,Emperor,Prestige,A label that existed from September 2006 to March 2008. There is a series (2006.09 ~ 2008.03) of 『Cosmic Beautiful Girl Appearance (宇宙的美少女登場!)』.
FIX,Fixer,Prestige,A label that existed from September 2006 to September 2010. There is a series (2006.09 ~ 2010.09) 『It's a day job (当日仕事アリマス)』.
POS,Poseidon,Prestige,A label that existed from October 2006 to June 2007.
PIRA,Piranha,Prestige,A label that existed from April 2007 to January 2013. There are 『I♥SWIM』 series (2007.04~2008.06) and 『Club Homecoming』 series (2010.03~2013.01).
HEA,Heaven,Prestige,A label that existed from July 2007 to May 2008.
PEN,Pentagon,Prestige,A label that existed from July 2007 to December 2009. There is a series (2007.07 ~ 2009.12) 『Let's do it with secret OLs!
PEGA,Pegasus,Prestige,A label that existed from November 2007 to August 2010. There is a 『Nurse Call』 series (2007.11~2010.08).
COB,Cobra,Prestige,A label that existed from January 2008 to September 2010. There is a 『Gyaru student(GAL校生)』 series (2008.01~2010.09).
KAMI,Kamikaze (Kamikaze),Prestige,A label that existed from July 2008 to January 2009.
ATOM,Atomic,Prestige,A label that existed from August 2008 to February 2010.
ZET,Zetton,Prestige,"A label dedicated to the compilation, which existed from October 2008 to February 2012."
ZESP,Zetton Compilation,Prestige,"The follow-up label to ZET, which existed from March 2012 to November 2013. Compilation only."
MEG,Megalo,Prestige,A label that existed from November 2008 to February 2009.
MIYA,Miyabi (雅),Prestige,A label that existed from April 2009 to March 2013. There is a series (2009.04 ~ 2013.03) 『Occupation section is life insurance lady.
KAN,Khan,Prestige,A label that existed from April 2009 to February 2010.
CHIM,Chimera,Prestige,A label that existed from May 2009 to July 2010.
TSG,aqua,Prestige,A label that existed from May 2009 to July 2010. There is a 『Tokyo Street Graffiti』 series (2009.05~2010.07).
LFS,DROP,Prestige,A label that existed from July 2009 to May 2010.
DNA,D&A (DNA),Prestige,"A label dedicated to the compilation, which was only released in August 2009."
LAN,Ran (乱),Prestige,A label that existed from September 2009 to December 2009.
MIRA,Miracle,Prestige,A label that existed from September 2009 to February 2010.
LEM,Lemon,Prestige,A label that existed from August 2010 to February 2013. There is a 『Gyaru President』 series (2010.08 ~ 2011.12).
MEL,Melon,Prestige,A label that existed from September 2010 to October 2012.
APR,Apricot,Prestige,A label that existed from March 2011 to August 2013. There is 『Hajimete no AV』 series (2011.03~2013.08).
PEAR,Pear,Prestige,A label that existed from February 2012 to April 2012.
RIN,Lin (凛),Prestige,A label that existed from August 2012 to November 2012.
BANA,banana (banana),Prestige,A label that existed from March 2013 to July 2013.
SAKU,cherry,Prestige,A label that existed from April 2013 to August 2013.
DAVI,David (David),Prestige,A label that existed from May 2013 to August 2013.
ZJI,Jitsuroku (JI・TSU・RO・KU),Prestige,A label that existed from February 2014 to August 2014.
ZMSK,Mask,Prestige,A label that existed from September 2014 to June 2015.
OMEG,Omega (OMEGA),Prestige,"The follow-up label to ZJI, which existed from October 2014 to July 2015."
LIME,Lime,Prestige,A label that existed from September 2014 to May 2015.
ZYON,ZettonFH,Prestige,"A label dedicated to the compilation, which existed from December 2014 to September 2015."
ZENI,Zenith,Prestige,"The follow-up label to ZYON, which existed from October 2015 to December 2015. Compilation only."
KIWI,Kiwi (KIWI),Prestige,A label that existed from July 2015 to September 2015.
YAD,Yabusame,Prestige,"A label that existed from October 2006 to January 2009. At that time, the company name was 'Yabusame Graffiti'."
SRR,Seiro (せゐろ),Prestige,"A label that existed from February 2009 to October 2010. There is a series (2009.02 ~ 2010.10), 『Secretly filming a married woman."
BBM,Bokki Boki (BOKKI BOKI),Prestige,A label that existed from August 2010 to March 2011.
NDX,Nameko Deluxe (NamekoDX),Prestige,A label that existed from January 2011 to April 2013.
MTT,MOTTO,Prestige,A label that existed from April 2011 to November 2011.
BRG,Brezin (Brezin),Prestige,A label that existed from May 2012 to April 2016.
MLS,Marvelous,Prestige,A label that existed from July 2012 to March 2013.
KILL,ACE KILLER,Prestige,A label that existed from May 2013 to September 2016.
YYY,WAIWAI,Prestige,A label dedicated to the compilation of Yabusame graffiti that existed from January 2009 to May 2011.
PRMD,School Berry (school\*very),Prestige,A label that existed from November 2006 to November 2008.
MACR,night mission,Prestige,A label that existed from June 2007 to January 2008.
EURO,Euro (EURO),Prestige,A label that existed from February 2007 to June 2007.
USD,Dollar (DOLLAR),Prestige,A label that existed from July 2007 to November 2007.
SHI,Shirodama (SHIRO-DAMA),Prestige,A label that existed from September 2007 to July 2008.
SBE,Shirodama Berrys,Prestige,A label that existed from August 2008 to October 2008.
OPM,Vivid (ViViD),Prestige,A label that existed from February 2007 to June 2007.
OSS,Show,Prestige,Part numbers that existed from March 2007 to April 2007.
OSH,Show,Prestige,Part numbers that existed from May 2007 to January 2008.
OSK,Show,Prestige,Part numbers that existed from July 2007 to November 2007.
OSW,Show,Prestige,Part numbers that existed from August 2007 to June 2008.
SSD,SMAC,Prestige,Part numbers that existed from May 2007 to July 2008.
SSY,SMAC,Prestige,Part number that was released only in September 2007.
OAJ,YABASU!,Prestige,A label that existed from August 2007 to February 2010.
OHM,OMOPLATA,Prestige,A label that was only released in October 2007.
OOB,Ops!,Prestige,Part number that was released only in October 2007.
OSY,Ops!,Prestige,Part numbers that existed from December 2007 to March 2008.
NNN,Nama (live),Prestige,A label that existed from January 2008 to May 2009.
OFM,Furima (Primar!),Prestige,A label that existed from September 2008 to June 2010.
EEE,G (G),Prestige,A label that was only released in October 2008.
SYSG,General of sexual desire,Prestige,A label that existed from December 2008 to May 2010.
OAM,DEEP SKY,Prestige,A label that existed from July 2010 to March 2011.
KICK,Ryujin (Dragon God),Prestige,Part numbers that existed from April 2007 to May 2008.
HIT,Hit (HIT),Prestige,Part numbers that existed from December 2007 to February 2008.
LOVE,Love (LOVE),Prestige,Part numbers that existed from July 2008 to August 2008.
ORK,Rafflesia,Prestige,A label that existed from July 2007 to October 2008.
GOK,GOKURAKU,Prestige,A label that existed from August 2007 to February 2008.
JENY,Girl's Garden,Prestige,A label that existed from August 2007 to September 2007.
DRG,Dragunov,Prestige,A label that existed from November 2007 to March 2008.
STYG,Style One (STYLE-1),Prestige,A label that existed from December 2007 to April 2008.
GSTY,G-STYLE,Prestige,Part numbers that existed from May 2008 to April 2010. There is a 『GALSONA』 series (2008.05~2010.04).
GSTS,GS-Style (GS-STYLE),Prestige,A compilation of GSTY articles that existed from April 2009 to July 2010.
XSTY,X-STYLE,Prestige,A label that was only released in December 2008.
STFR,STYLE-FR,Prestige,A label that existed from April 2011 to May 2012.
VER,Veronica,Prestige,A label that was only released in February 2008.
TOK,Anonymous Hope,Prestige,A label that existed from June 2008 to July 2009. A summary of TOK was also released in 2010 on KMP's Real.
TFTF,Mariposa (MARIPOSA),Prestige,A label that was only released in August 2008.
SIRO,Shiroto TV (Shiroto TV),Prestige,Download-only part number released from March 2010 to the present in 2018.
OVER,Shiroto TV (Shiroto TV),Prestige,"Part number for ladies download only, which existed from March 2010 to June 2010."
SIT,Shiroto TV Premium,Prestige,"The DVD part number of SIRO, which existed from December 2010 to March 2013."
SIV,Shiroto TV Premium,Prestige,SIRO's DVD label released from June 2013 to the present in 2018.
200GANA,Wreck TV (Nanpa TV),Prestige,A download-only part number released from April 2014 to the present in 2018.
NPV,Wreck TV (Nanpa TV),Prestige,"DVD part number of 200GANA released from August, 2014 to the present in 2018."
259LUXU,Ragju TV (Lagju TV),Prestige,Download-only part numbers released from July 2015 to the present in 2018.
LXV,Ragju TV (Lagju TV),Prestige,"DVD article number of 259LUXU released from February, 2016 to present in 2018."
LXVS,Ragju TV (Lagju TV),Prestige,"DVD article number of 259LUXU released from April, 2016 to present in 2018."
261ARA,ARA,Prestige,Download-only part numbers released from September 2015 to the present in 2018.
ARAS,ARA,Prestige,"The DVD part number of 261ARA, which was only released in April 2016."
BCV,Boshu-chan TV,Prestige,"The DVD part number of 261ARA, which was released from August 2016 to September 2017."
277DCV,Documentumen TV,Prestige,Download-only part numbers released from April 2016 to the present in 2018.
DCV,Documentumen TV,Prestige,"The DVD part number of 277DCV, which has been released from May 2016 to the present in 2018."
300MIUM,Prestige Premium,Prestige,Download-only part numbers released from November 2016 to the present in 2018.
MHV,Prestige Premium,Prestige,"The DVD part number of 300MIUM, which has been released from February 2017 to the present in 2018."
VRET,Tokikaku Channel (docikakuch),Prestige,Download-only part numbers that existed from November 2016 to December 2016.
320MMGH,SOD Magic Mirror (SOD Magic Mirror),Prestige,
DEP,Deep (DEEP),Prestige,
DLY,DELAY,Prestige,
DMS,domestic,Prestige,
ERM,Enrichment,Prestige,
ERS,ERORIST,Prestige,
GRT,Guarantee,Prestige,
HCM,daydream,Prestige,
HMM,Hameman (Hameman),Prestige,
HUT,Fujoroi (Fuzoroi),Prestige,
IML,Immoral (Inmoral),Prestige,
JKB,Juke-Box,Prestige,
JPN,Zipang District,Prestige,
JSN,Jukusen (熟専),Prestige,
KDG,Kudokigui,Prestige,『Amateur Gekimanko』 series (2012.12~2013.6)
KKJ,The art of persuasion,Prestige,
LEA,Leak,Prestige,
LOD,LOVE DOLL,Prestige,
MET,Meet Again,Prestige,
MRT,Moratorium (mora,Prestige,
MTG,monitoring,Prestige,
MZM,awakening,Prestige,
NMP,Hunting Apocalypse,Prestige,
NTO,net girl,Prestige,
OHA,From Ohayo to Oyasumi,Prestige,
OYU,steam (湯けむり),Prestige,
RIX,Relaxation Room,Prestige,
SEK,Smile (SMILE),Prestige,
SEN,Sen,Prestige,
SIN,newcomer,Prestige,
SLG,Beheading Shiroto,Prestige,
SPB,Super Body (SUPER BODY),Prestige,
SUB,Submitter,Prestige,
TBL,tablet (tablet),Prestige,『Ikisugita Wearing Erotic』 Series (2011.9~2015.4)
TEM,Temptation,Prestige,
TWL,towel (taoru),Prestige,
WKA,Wakeari (wakeari),Prestige,
YFE,Waifu (Y wife),Prestige,
YMN,Yumenogumi,Prestige,
MILV,Million (million),KMP,since June 2002
MILD,Million (million),KMP,since October 2002
MDTM,Million (million),KMP,
MKMP,Million (million),KMP,from August 2015
OKAD,Okazu (Okazu.),KMP,since October 2005
DOKS,office case,Aten,Fetish specialist. Directors such as Seichu Matsumoto and Peterman worked.
DKSW,case works,Aten,fetish
DKIM,image maker,Aten,fetish
NJJD,juku,Aten,Lady
DKSS,schema industry,Aten,public
DSKM,schema industry erect,Aten,public
TDBR,black riot,Aten,Gyaru specialist. Director OMARU and others were active.
TDBT,busty tokyo,Aten,huge breasts
TDMJ,Manjuku,Aten,Lady
FRE,fresh,Aten,public
DIR,D,Aten,bitch
PFCK,ex,Aten,fetish
FETI,fcozo,Aten,fetish
LOST,long stage,Aten,artefact. Director Rosan Jin (魯山神) and others worked.
ZXY,glaze,Taisei,
GON,Glaze One,Taisei,
GIGR,glaze impact,Taisei,
BUR,burst,Taisei,
COS,COS-P (P),Taisei,
GST,G-Street,Taisei,
KJC,JC,Taisei,
BJK,Fostering JK,Taisei,
GLT,knife,Taisei,
RJK,R(R)-Eightyne (18),Taisei,
SCR,S Scream,Taisei,
VAL,Valex,Taisei,
SIS,sister,Taisei,
AT,lotus,Taisei,
WA,lotus,Taisei,
DAI,die,Taisei,
AME,Ame,Taisei,
NPS,Peters,Taisei,
KJ,Kashiwagi Jyuku,Indies,Part numbers that existed from May 2005 to August 2008. Directed by Hana Kashiwagi.
KJG,Kashiwagi Jyuku,Indies,Part numbers that existed from July 2009 to February 2013. Directed by Hana Kashiwagi.
KJA,Kashiwagi Jyuku,Indies,Part numbers that existed from December 2009 to March 2012. Directed by Hana Kashiwagi.
MANJ,Manchuria Sahua (曼珠沙華),Indies,A label that existed from August 2009 to October 2009.
HIME,Hime (姫),Indies,A label that existed from September 2009 to November 2009.
HNYM,Hanako (voice),Indies,A label that existed from November 2009 to February 2010.
MNYM,Poongman Courtesan Hall,Indies,A label that was only released in November 2009.
HYO,hyo (豹),Indies,A label that existed from February 2010 to August 2010.
OHANA,Hana (Hwa),Indies,A label that existed from April 2010 to July 2010.
ORI,Eyes (I's eyes),Indies,A label that existed from May 2010 to July 2010.
OMAP,MP (MP),Indies,A label that existed from July 2010 to August 2010.
SHI,MONE MORE,Indies,A label that existed from February 2010 to July 2012.
UGD,Ultima GOLD,Indies,A label exclusively for Scott water that existed from February 2011 to May 2012.
OMSP,INFINITI,Indies,A label that existed from March 2012 to April 2012. Originally released in 2009.
KRMS,Arc Media Japan,Indies,married woman
PRIS,Arc Media Japan,Indies,public
URIS,girl hunt,Indies,wind speed
FECS,secret,Indies,"public, fetish"
NGYS,secret,Indies,Nagoya's customs
HJRS,secret,Indies,public
HJYS,secret,Indies,Compilation of HJRS
MISK,secret,Indies,public married woman
KGRS,secret,Indies,public beautiful girl
URAS,Nagoya's Father,Indies,married woman
SRES,blue eye,Indies,The customs of Yokohama
ALBB,Potato Boy,Indies,public
EXPS,mountain,Indies,public
BMTD,kingdom productions,Indies,public married woman
HKID,Lovers Invitation,Indies,public
WWHD,magic vision,Indies,busty public
HVBD,Misty Productions,Indies,public
TURA,Mature Women are Painful,WILL,mature woman voyeur concept; regular part number
TURU,Mature Women are Painful,WILL,best compilation
BF,BeFree,WILL,professional female concept; beautiful girls
CNZ,Candy,WILL,best compilation
MUM,minimum,WILL,short Lori beautiful girls; regular part number
MMT,minimum,WILL,best compilation
MISM,Emco Labo,WILL,"hardcore label: anal, iramaccio, training"
VICD,V,WILL,fetish maker; eros of high-class women
KUNK,kunka,WILL,underwear fetishes for the general public
CLUB,Perverted gentlemen's club,WILL,massage voyeur; regular part number
STOL,Perverted gentlemen's club,WILL,best compilation
TYOD,Ranmaru,WILL,pornography; girl/lady genres; regular part number
TYWD,Ranmaru,WILL,best compilation
BBAN,Vivian,WILL,lesbian specialist; regular part number
BBSS,Vivian,WILL,best compilation
RKI,Rookie,WILL,penis/premature ejaculation/breast milk; regular part number
RBB,Rookie,WILL,best compilation
ZUKO,ZUKKON & BAKKON,WILL,harem/creampie specialist; regular part number
ZBST,ZUKKON & BAKKON,WILL,best compilation
NNPJ,Shipwreck Japan,WILL,hunting specialist; regular part number
NPJB,Shipwreck Japan,WILL,best compilation
TEAM,team zero,WILL,nurturing beautiful girls into lewd actors; regular part number
TMBT,team zero,WILL,best compilation
SERO,EROTICA,WILL/JHV Group,independent from Alice Japan
KIRA,Kirameki,WILL/JHV Group,independent from Alice Japan
UPSM,UP'S,WILL/JHV Group,independent from Max A
WHX,Whip,WILL/JHV Group,independent from Max A
PTJ,dogma,WILL,old part number
NTJ,dogma,WILL,old part number
SMA,Marx,WILL,"comprehensive: projects, dramas, subjective viewpoints, documentaries; regular"
SMS,Marx,WILL,pregnant women
SBB,Marx,WILL,best compilation
STARS,SOD Create,SOD,"SOD debut actor work (former, 2018.10~)"
NHDT,Natural High,SOD,rape/voyeur concept (former)
NHDTA,Natural High,SOD,rape/voyeur concept
NHDTB,Natural High,SOD,rape/voyeur concept
NHDTC,Natural High,SOD,rape/voyeur concept (current)
HAVD,Hibino,SOD,aunt/incest/step-family specialist
HBAD,Hibino,SOD,aunt/incest/step-family; NTR genre
NTR,Hibino,SOD,NTR specialist
GS,Sosoru x Garson,SOD,regular part number
GAR,Sosoru x Garson,SOD,former part number
SVDVD,Sadistic Village,SOD,SM/sadistic projects; vibrator shaming outdoors series
ARSO,AROUND,SOD,lady content; MYWIFE
FCDSS,FALENO,SOD,Faleno 8-hour only
FSDSS,FALENO,SOD,Faleno Star
FLNO,FALENO,SOD,1-month pre-release
FLNS,FALENO,SOD,1-month pre-release
BDY,DOC,Prestige,Accommodation available today!! series (2010.8~2012.4)
EZN,DOC,Prestige,Accommodation available today!! series (2010.8~2012.4)
HET,DOC,Prestige,Accommodation available today!! series (2010.8~2012.4)
ILK,DOC,Prestige,Accommodation available today!! series (2010.8~2012.4)
RDD,DOC,Prestige,Accommodation available today!! series (2010.8~2012.4)
RDT,DOC,Prestige,Accommodation available today!! series (2010.8~2012.4)
RTP,DOC,Prestige,Accommodation available today!! series (2010.8~2012.4)
SST,DOC,Prestige,Accommodation available today!! series (2010.8~2012.4)
UTE,DOC,Prestige,Accommodation available today!! series (2010.8~2012.4)
EC,Esctasy,KMP,A bit hard
SCOP,Scoop,KMP,Amateur (2011.7~)
SAMA,S-Class Amateur,KMP,Amateur (2008.7~)
HODV,h.m.p,bidet wheel,
ADZ,KUKI,bidet wheel,
AKB,TMA (Total Media Agency),bidet wheel,
HITMA,TMA (Total Media Agency),bidet wheel,
ID,TMA (Total Media Agency),bidet wheel,
